ID,PrevWeek,2WeekAvg,3WeekAvg,4WeekAvg,Max,Min,Score
AFB-2015-5,92.4,92.8,99.53333333,102.3375,132.8,79.7,94.3
ATOM-2015-5,101,132.8,131.2833333,127.775,164.6,91.9,84.7
DMPS-2015-5,90.1,82.9,84.03333333,87.48333333,144.9,75.7,123.6
FLUF-2015-5,105.6,139.35,139.35,137.4041667,173.1,105.6,126.5
MCHO-2015-5,89,98.25,97.4,96.74583333,107.5,83.9,73.3
OCTO-2015-5,109.2,114.2,114.9666667,115.1333333,119.2,109.2,109.5
PHSH-2015-5,75.5,118.15,123.3833333,123.9208333,160.8,75.5,105.1
ROBO-2015-5,126.6,135.15,132.7666667,132.2666667,160.3,112.3,142.2
SHSR-2015-5,119.1,124.1,124.8,123.5,129.1,89.5,94.8
SLNH-2015-5,59.3,84.2,93.48333333,100.3958333,163.6,59.3,108.7
SONG-2015-5,112.1,119.8,121.1166667,120.7875,127.5,103.8,97.2
TGIF-2015-5,111.3,94.95,93.83333333,94.94583333,118.7,78.6,138.3
AFB-2015-6,94.3,93.35,93.16666667,94.75833333,132.8,79.7,119
ATOM-2015-6,84.7,92.85,106.1666667,112.4458333,164.6,84.7,144
DMPS-2015-6,123.6,106.85,98.86666667,95.15833333,144.9,75.7,101.5
FLUF-2015-6,126.5,116.05,123.8166667,127.7,173.1,105.6,126.2
MCHO-2015-6,73.3,81.15,86.85,89.4875,107.5,73.3,120.5
OCTO-2015-6,109.5,109.35,110.9666667,111.9666667,119.2,109.2,126.1
PHSH-2015-6,105.1,90.3,99.58333333,105.5333333,160.8,75.5,118.3
ROBO-2015-6,142.2,134.4,134.65,134.1791667,160.3,112.3,136.4
SHSR-2015-6,94.8,106.95,112.6666667,115.7,129.1,89.5,98.3
SLNH-2015-6,108.7,84,84.06666667,86.42083333,163.6,59.3,81.9
SONG-2015-6,97.2,104.65,109.7,112.5541667,127.5,97.2,103.1
TGIF-2015-6,138.3,124.8,114.85,109.5958333,138.3,78.6,133.7
AFB-2015-7,119,106.65,102.2166667,99.95416667,132.8,79.7,79.8
ATOM-2015-7,144,114.35,107.1833333,106.9291667,164.6,84.7,82.3
DMPS-2015-7,101.5,112.55,110.65,107.7041667,144.9,75.7,149.6
FLUF-2015-7,126.2,126.35,122.9166667,123.1416667,173.1,105.6,116.9
MCHO-2015-7,120.5,96.9,91.65,90.45,120.5,73.3,116.5
OCTO-2015-7,126.1,117.8,114.9833333,113.9791667,126.1,109.2,116.8
PHSH-2015-7,118.3,111.7,104.5666667,103.3208333,160.8,75.5,93.7
ROBO-2015-7,136.4,139.3,137.6666667,136.9125,160.3,112.3,121.8
SHSR-2015-7,98.3,96.55,100.0166667,103.1791667,129.1,89.5,180.8
SLNH-2015-7,81.9,95.3,91.53333333,89.66666667,163.6,59.3,100.1
SONG-2015-7,103.1,100.15,101.65,103.6625,127.5,97.2,89
TGIF-2015-7,133.7,136,132.2666667,127.9125,138.3,78.6,101.8
AFB-2015-8,79.8,99.4,101.8166667,101.9166667,132.8,79.7,91
ATOM-2015-8,82.3,113.15,113.55,111.9583333,164.6,82.3,101.5
DMPS-2015-8,149.6,125.55,121.2166667,118.575,149.6,75.7,101
FLUF-2015-8,116.9,121.55,123.15,123.0916667,173.1,105.6,149
MCHO-2015-8,116.5,118.5,111.3,106.3875,120.5,73.3,149.4
OCTO-2015-8,116.8,121.45,120.2333333,118.9208333,126.1,109.2,125.2
PHSH-2015-8,93.7,106,107.9,107.0666667,160.8,75.5,119.2
ROBO-2015-8,121.8,129.1,132.5,133.7916667,160.3,112.3,110.9
SHSR-2015-8,180.8,139.55,125.2166667,118.9166667,180.8,89.5,109.9
SLNH-2015-8,100.1,91,92.43333333,92.20833333,163.6,59.3,138.8
SONG-2015-8,89,96.05,97.41666667,98.475,127.5,89,90.2
TGIF-2015-8,101.8,117.75,123.8333333,125.9416667,138.3,78.6,88.9
AFB-2015-9,91,85.4,90.06666667,93.00416667,132.8,79.7,110.4
ATOM-2015-9,101.5,91.9,98.98333333,102.625,164.6,82.3,98.5
DMPS-2015-9,101,125.3,125.3833333,124.3416667,149.6,75.7,123
FLUF-2015-9,149,132.95,129.15,127.65,173.1,105.6,137.5
MCHO-2015-9,149.4,132.95,128.1333333,123.925,149.4,73.3,108.2
OCTO-2015-9,125.2,121,121.15,120.9208333,126.1,109.2,107.9
PHSH-2015-9,119.2,106.45,106.3,106.7,160.8,75.5,86.6
ROBO-2015-9,110.9,116.35,120.6,123.575,160.3,110.9,122.7
SHSR-2015-9,109.9,145.35,143.4166667,138.8666667,180.8,89.5,131.5
SLNH-2015-9,138.8,119.45,109.9666667,105.5833333,163.6,59.3,82.4
SONG-2015-9,90.2,89.6,91.75,93.16666667,127.5,89,111.7
TGIF-2015-9,88.9,95.35,102.8166667,108.0708333,138.3,78.6,144.4
AFB-2015-10,110.4,100.7,95.6,94.21666667,132.8,79.7,65.8
ATOM-2015-10,98.5,100,97.3,97.72083333,164.6,82.3,106.6
DMPS-2015-10,123,112,116.4333333,118.6708333,149.6,75.7,145.4
FLUF-2015-10,137.5,143.25,139.8166667,137.15,173.1,105.6,110.1
MCHO-2015-10,108.2,128.8,130.1833333,129.6708333,149.4,73.3,106.3
OCTO-2015-10,107.9,116.55,118.0333333,118.8125,126.1,107.9,113.9
PHSH-2015-10,86.6,102.9,104.0833333,104.6375,160.8,75.5,131.4
ROBO-2015-10,122.7,116.8,116.65,117.6375,160.3,110.9,135.1
SHSR-2015-10,131.5,120.7,128.9166667,132.5416667,180.8,89.5,100.8
SLNH-2015-10,82.4,110.6,113.55,112.6541667,163.6,59.3,95.7
SONG-2015-10,111.7,100.95,97.16666667,95.8125,127.5,89,103
TGIF-2015-10,144.4,116.65,109.55,107.8666667,144.4,78.6,76.5
AFB-2015-11,65.8,88.1,92.3,93.125,132.8,65.8,108
ATOM-2015-11,106.6,102.55,101.7,100.6,164.6,82.3,121.4
DMPS-2015-11,145.4,134.2,126.8,124.2083333,149.6,75.7,72.5
FLUF-2015-11,110.1,123.8,130.2833333,132.6666667,173.1,105.6,132.8
MCHO-2015-11,106.3,107.25,114.4333333,118.3708333,149.4,73.3,79.5
OCTO-2015-11,113.9,110.9,112.7833333,114.0958333,126.1,107.9,115.5
PHSH-2015-11,131.4,109,106.9666667,106.2458333,160.8,75.5,85.1
ROBO-2015-11,135.1,128.9,124.8666667,122.8125,160.3,110.9,66.9
SHSR-2015-11,100.8,116.15,117.6666667,120.4791667,180.8,89.5,78.4
SLNH-2015-11,95.7,89.05,96.23333333,100.5625,163.6,59.3,101.6
SONG-2015-11,103,107.35,105.2166667,103.2041667,127.5,89,95.5
TGIF-2015-11,76.5,110.45,112.5166667,111.775,144.4,76.5,93.3
AFB-2015-12,108,86.9,87.3,88.55,132.8,65.8,111.9
ATOM-2015-12,121.4,114,110.1833333,108.0625,164.6,82.3,89.1
DMPS-2015-12,72.5,108.95,117.3666667,119.725,149.6,72.5,131
FLUF-2015-12,132.8,121.45,122.2333333,124.2458333,173.1,105.6,157.2
MCHO-2015-12,79.5,92.9,97.68333333,101.8708333,149.4,73.3,89.7
OCTO-2015-12,115.5,114.7,113.4333333,113.2708333,126.1,107.9,136.5
PHSH-2015-12,85.1,108.25,108.5,108.1166667,160.8,75.5,74.2
ROBO-2015-12,66.9,101,110.3,113.9416667,160.3,66.9,124.8
SHSR-2015-12,78.4,89.6,98.45,103.2541667,180.8,78.4,112.2
SLNH-2015-12,101.6,98.65,95.45,95.64583333,163.6,59.3,105.2
SONG-2015-12,95.5,99.25,101.95,102.7666667,127.5,89,82.6
TGIF-2015-12,93.3,84.9,93.41666667,98.19166667,144.4,76.5,120.7
AFB-2015-13,111.9,109.95,102.2666667,98.525,132.8,65.8,139.1
ATOM-2015-13,89.1,105.25,108.1666667,108.6708333,164.6,82.3,109.6
DMPS-2015-13,131,101.75,104.15,107.4541667,149.6,72.5,123.7
FLUF-2015-13,157.2,145,137.15,133.4208333,173.1,105.6,109.7
MCHO-2015-13,89.7,84.6,87.36666667,89.94583333,149.4,73.3,85.3
OCTO-2015-13,136.5,126,122.2333333,120.0333333,136.5,107.9,172.4
PHSH-2015-13,74.2,79.65,89.18333333,94.0125,160.8,74.2,99.6
ROBO-2015-13,124.8,95.85,97.56666667,100.75,160.3,66.9,124
SHSR-2015-13,112.2,95.3,93.4,94.6625,180.8,78.4,97.5
SLNH-2015-13,105.2,103.4,101.8166667,100.225,163.6,59.3,94.2
SONG-2015-13,82.6,89.05,92.45,94.825,127.5,82.6,110.7
TGIF-2015-13,120.7,107,99.63333333,98.07916667,144.4,76.5,123.9
AFB-2015-14,139.1,125.5,120.3166667,115.8041667,139.1,65.8,82.4
ATOM-2015-14,109.6,99.35,101.3166667,103.0291667,164.6,82.3,94
DMPS-2015-14,123.7,127.35,118.8166667,115.15,149.6,72.5,143.6
FLUF-2015-14,109.7,133.45,137.3,137.2625,173.1,105.6,121.2
MCHO-2015-14,85.3,87.5,86.53333333,86.74166667,149.4,73.3,124.7
OCTO-2015-14,172.4,154.45,144.9666667,139.2833333,172.4,107.9,110.8
PHSH-2015-14,99.6,86.9,84.48333333,85.65833333,160.8,74.2,77.2
ROBO-2015-14,124,124.4,114.8833333,110.5541667,160.3,66.9,129.2
SHSR-2015-14,97.5,104.85,101.6666667,99.6,180.8,78.4,86.4
SLNH-2015-14,94.2,99.7,100.9333333,101.1541667,163.6,59.3,114.2
SONG-2015-14,110.7,96.65,94.11666667,93.7,127.5,82.6,81.1
TGIF-2015-14,123.9,122.3,117.2,112.8083333,144.4,76.5,105.9
AFB-2014-5,138.6,135.15,133.8666667,133.1791667,138.6,130.6,112.8
ATOM-2014-5,121.1,109.5,102.5666667,98.79583333,121.1,79.5,105.8
DMPS-2014-5,129.5,139.15,132.5333333,128.5416667,148.8,89.8,109.4
FLUF-2014-5,138,108.55,102.1666667,100.0291667,138,79.1,102.5
MCHO-2014-5,93.7,100.75,105.7166667,110.0416667,152,93.7,121.8
MEGA-2014-5,72.6,76,82.83333333,87.5125,113.6,72.6,95.6
OCTO-2014-5,142.2,134.5,127.55,124.0041667,142.2,100.5,111.3
PHSH-2014-5,100.4,107.25,110.4333333,111.4625,119.5,100.4,109.6
ROBO-2014-5,88.5,97.35,106.5,110.7666667,143.4,88.5,115.1
SHSR-2014-5,103.2,96.45,100.1,102.6166667,125.1,89.7,109.6
SLNH-2014-5,70.4,86.15,93.66666667,98.3125,123.2,70.4,80.4
TGIF-2014-5,129.4,122,115.9166667,112.5875,129.4,92.9,99.6
AFB-2014-6,112.8,125.7,128.85,130.1041667,138.6,112.8,118.5
ATOM-2014-6,105.8,113.45,112.1333333,109.7416667,121.1,79.5,74.9
DMPS-2014-6,109.4,119.45,126.0166667,127.6458333,148.8,89.8,105.5
FLUF-2014-6,102.5,120.25,116.35,112.8041667,138,79.1,139.2
MCHO-2014-6,121.8,107.75,105.4166667,105.4916667,152,93.7,126.1
MEGA-2014-6,95.6,84.1,81.4,81.75833333,113.6,72.6,114.5
OCTO-2014-6,111.3,126.75,129.3333333,128.8875,142.2,100.5,108.1
PHSH-2014-6,109.6,105,105.75,106.9208333,119.5,100.4,100.3
ROBO-2014-6,115.1,101.8,100.3166667,101.8625,143.4,88.5,133.4
SHSR-2014-6,109.6,106.4,103.0833333,102.3375,125.1,89.7,98.8
SLNH-2014-6,80.4,75.4,78.98333333,82.65416667,123.2,70.4,129
TGIF-2014-6,99.6,114.5,117,116.7291667,129.4,92.9,103.7
AFB-2014-7,118.5,115.65,119,121.4625,138.6,112.8,83.1
ATOM-2014-7,74.9,90.35,98.05,101.5708333,121.1,74.9,110.7
DMPS-2014-7,105.5,107.45,111.45,115.0916667,148.8,89.8,138
FLUF-2014-7,139.2,120.85,120.65,119.575,139.2,79.1,89.7
MCHO-2014-7,126.1,123.95,118.55,115.2666667,152,93.7,97.8
MEGA-2014-7,114.5,105.05,98.06666667,93.9,114.5,72.6,122.3
OCTO-2014-7,108.1,109.7,115.3833333,118.8708333,142.2,100.5,111.6
PHSH-2014-7,100.3,104.95,104.9666667,105.1625,119.5,100.3,119.4
ROBO-2014-7,133.4,124.25,116.7666667,112.6541667,143.4,88.5,120.6
SHSR-2014-7,98.8,104.2,104.9333333,104.4708333,125.1,89.7,140.4
SLNH-2014-7,129,104.7,94.93333333,90.94583333,129,70.4,101.9
TGIF-2014-7,103.7,101.65,105.9333333,108.7,129.4,92.9,84.4
AFB-2014-8,83.1,100.8,105.75,109.0625,138.6,83.1,155.4
ATOM-2014-8,110.7,92.8,91.98333333,93.5,121.1,74.9,79.7
DMPS-2014-8,138,121.75,116.9833333,115.6,148.8,89.8,130.6
FLUF-2014-8,89.7,114.45,116.5833333,117.6,139.2,79.1,115.9
MCHO-2014-8,97.8,111.95,115.95,116.6,152,93.7,106.5
MEGA-2014-8,122.3,118.4,113.95,109.9791667,122.3,72.6,146.3
OCTO-2014-8,111.6,109.85,109.8,111.1958333,142.2,100.5,128.4
PHSH-2014-8,119.4,109.85,108.2166667,107.4041667,119.5,100.3,163.7
ROBO-2014-8,120.6,127,126.0833333,123.7541667,143.4,88.5,136.5
SHSR-2014-8,140.4,119.6,114.4666667,112.0833333,140.4,89.7,134.6
SLNH-2014-8,101.9,115.45,111.8666667,107.6333333,129,70.4,122.4
TGIF-2014-8,84.4,94.05,96.58333333,98.92083333,129.4,84.4,95.6
AFB-2014-9,155.4,119.25,113.1,111.2625,155.4,83.1,136.7
ATOM-2014-9,79.7,95.2,94.4,93.79583333,121.1,74.9,91.3
DMPS-2014-9,130.6,134.3,130.1166667,126.8333333,148.8,89.8,96.2
FLUF-2014-9,115.9,102.8,106.6833333,109.1583333,139.2,79.1,76
MCHO-2014-9,106.5,102.15,105.4166667,108.05,152,93.7,136.6
MEGA-2014-9,146.3,134.3,129,125.2375,146.3,72.6,84.6
OCTO-2014-9,128.4,120,116.6166667,114.9125,142.2,100.5,126.3
PHSH-2014-9,163.7,141.55,130.9833333,125.2916667,163.7,100.3,94.9
ROBO-2014-9,136.5,128.55,128.0333333,127.5458333,143.4,88.5,155
SHSR-2014-9,134.6,137.5,131.5333333,127.2666667,140.4,89.7,137.2
SLNH-2014-9,122.4,112.15,113.25,112.9041667,129,70.4,88.8
TGIF-2014-9,95.6,90,91.35,92.65833333,129.4,84.4,118.6
AFB-2014-10,136.7,146.05,137.1166667,131.1125,155.4,83.1,142.2
ATOM-2014-10,91.3,85.5,88.73333333,90.15,121.1,74.9,134
DMPS-2014-10,96.2,113.4,120.3666667,122.8041667,148.8,89.8,90.4
FLUF-2014-10,76,95.95,98.23333333,100.3458333,139.2,76,87.9
MCHO-2014-10,136.6,121.55,115.0833333,112.6666667,152,93.7,155.8
MEGA-2014-10,84.6,115.45,121.7333333,123.55,146.3,72.6,79.7
OCTO-2014-10,126.3,127.35,124.9,122.8291667,142.2,100.5,102
PHSH-2014-10,94.9,129.3,133.3833333,132.7833333,163.7,94.9,105.3
ROBO-2014-10,155,145.75,140.0166667,137.0208333,155,88.5,139.2
SHSR-2014-10,137.2,135.9,136.4333333,135.2083333,140.4,89.7,137.1
SLNH-2014-10,88.8,105.6,107.7833333,109.15,129,70.4,142.3
TGIF-2014-10,118.6,107.1,101.4,98.8875,129.4,84.4,94.9
AFB-2014-11,142.2,139.45,141.65,140.5166667,155.4,83.1,111.8
ATOM-2014-11,134,112.65,103.6,99.88333333,134,74.9,113.4
DMPS-2014-11,90.4,93.3,100,105.0916667,148.8,89.8,115.1
FLUF-2014-11,87.9,81.95,86.61666667,89.52083333,139.2,76,72.2
MCHO-2014-11,155.8,146.2,137.9833333,132.2583333,155.8,93.7,96.1
MEGA-2014-11,79.7,82.15,93.25,100.3708333,146.3,72.6,99.1
OCTO-2014-11,102,114.15,118.55,120.1375,142.2,100.5,94.8
PHSH-2014-11,105.3,100.1,109.8333333,115.7208333,163.7,94.9,115.8
ROBO-2014-11,139.2,147.1,146.65,144.9916667,155,88.5,76.9
SHSR-2014-11,137.1,137.15,136.7333333,136.6583333,140.4,89.7,96.5
SLNH-2014-11,142.3,115.55,112.2333333,111.1208333,142.3,70.4,113.1
TGIF-2014-11,94.9,106.75,106.8666667,105.5,129.4,84.4,87.2
AFB-2014-12,111.8,127,131.15,133.775,155.4,83.1,98.2
ATOM-2014-12,113.4,123.7,120.0166667,115.9125,134,74.9,133.9
DMPS-2014-12,115.1,102.75,99.6,99.7,148.8,89.8,139.7
FLUF-2014-12,72.2,80.05,80.68333333,82.16666667,139.2,72.2,76.4
MCHO-2014-12,96.1,125.95,132.7,134.0208333,155.8,93.7,111.4
MEGA-2014-12,99.1,89.4,86.98333333,88.55,146.3,72.6,122.2
OCTO-2014-12,94.8,98.4,103.65,107.375,142.2,94.8,119.9
PHSH-2014-12,115.8,110.55,107.0666667,107.7583333,163.7,94.9,102.1
ROBO-2014-12,76.9,108.05,121.0666667,127.4625,155,76.9,139.6
SHSR-2014-12,96.5,116.8,123.5833333,126.8708333,140.4,89.7,117.8
SLNH-2014-12,113.1,127.7,123.65,120.7958333,142.3,70.4,144.8
TGIF-2014-12,87.2,91.05,96.28333333,98.92916667,129.4,84.4,92.7
AFB-2014-13,98.2,105,112.3333333,117.0375,155.4,83.1,128.2
ATOM-2014-13,133.9,123.65,123.6666667,122.7541667,134,74.9,140.2
DMPS-2014-13,139.7,127.4,119.1833333,114.2875,148.8,89.8,151.8
FLUF-2014-13,76.4,74.3,76.21666667,77.33333333,139.2,72.2,98.6
MCHO-2014-13,111.4,103.75,111.15,116.5375,155.8,93.7,96.1
MEGA-2014-13,122.2,110.65,103.5666667,99.42083333,146.3,72.6,119.4
OCTO-2014-13,119.9,107.35,104.3666667,104.1875,142.2,94.8,164.2
PHSH-2014-13,102.1,108.95,109.4833333,108.8791667,163.7,94.9,79.2
ROBO-2014-13,139.6,108.25,108.1833333,111.4041667,155,76.9,107.3
SHSR-2014-13,117.8,107.15,110.3666667,113.6708333,140.4,89.7,154.3
SLNH-2014-13,144.8,128.95,128.5333333,127.3125,144.8,70.4,160.4
TGIF-2014-13,92.7,89.95,90.31666667,91.80833333,129.4,84.4,105.4
AFB-2014-14,128.2,113.2,110.4666667,110.9333333,155.4,83.1,84.8
ATOM-2014-14,140.2,137.05,132.5833333,130.3541667,140.2,74.9,119.8
DMPS-2014-14,151.8,145.75,139.6333333,134.5208333,151.8,89.8,141.3
FLUF-2014-14,98.6,87.5,83.1,81.37916667,139.2,72.2,96.5
MCHO-2014-14,96.1,103.75,103.75,105.6,155.8,93.7,102.7
MEGA-2014-14,119.4,120.8,117.4166667,113.9541667,146.3,72.6,164.9
OCTO-2014-14,164.2,142.05,130.4833333,123.9541667,164.2,94.8,137.1
PHSH-2014-14,79.2,90.65,96.75,99.93333333,163.7,79.2,71.3
ROBO-2014-14,107.3,123.45,118.3833333,115.8333333,155,76.9,133.5
SHSR-2014-14,154.3,136.05,126.4166667,122.4041667,154.3,89.7,73.7
SLNH-2014-14,160.4,152.6,144.7166667,140.6708333,160.4,70.4,159.3
TGIF-2014-14,105.4,99.05,96.01666667,94.59166667,129.4,84.4,149.7
AFB-2013-5,103.7,93.6,98.11666667,101.575,130.8,83.5,112
ATOM-2013-5,132.6,123.7,120.8666667,119.85,132.6,114.8,118.5
DMPS-2013-5,114.6,128.25,120.5333333,114.8208333,141.9,68.3,114.3
FLUF-2013-5,122.1,106.25,105.95,106.1083333,122.1,90.4,99.7
MCHO-2013-5,140.7,122.45,122.7333333,123.2291667,142.4,104.2,115.3
MEGA-2013-5,102.3,107.4,103.9166667,103.6166667,147.1,81.4,75.4
OCTO-2013-5,91,86.6,86.68333333,86.10833333,91.5,67.4,71.7
PHSH-2013-5,122.4,108.5,108.2666667,109.4791667,126.5,94.6,85.5
ROBO-2013-5,109.7,122.7,126.65,127.5875,135.7,109.7,101.7
SHSR-2013-5,113.3,90.85,82.21666667,80.13333333,122,61.5,135.5
SLNH-2013-5,133.7,117.4,111.1666667,108.0291667,133.7,96.3,121.6
TGIF-2013-5,84.5,78.35,88.75,96.1625,146.9,72.2,129
AFB-2013-6,112,107.85,103.1,101.8541667,130.8,83.5,55.4
ATOM-2013-6,118.5,125.55,124.9333333,123.9166667,132.6,114.8,123.2
DMPS-2013-6,114.3,114.45,119.05,119.4208333,141.9,68.3,77.2
FLUF-2013-6,99.7,110.9,109.35,108.5,122.1,90.4,87.4
MCHO-2013-6,115.3,128,126.15,125.2958333,142.4,104.2,100.7
MEGA-2013-6,75.4,88.85,95.03333333,97.25416667,147.1,75.4,118
OCTO-2013-6,71.7,81.35,83.1,83.99583333,91.5,67.4,106.2
PHSH-2013-6,85.5,103.95,105.4666667,106.1666667,126.5,85.5,124.6
ROBO-2013-6,101.7,105.7,111.3666667,115.1875,135.7,101.7,100.8
SHSR-2013-6,135.5,124.4,113.2166667,105.4666667,135.5,61.5,84.9
SLNH-2013-6,121.6,127.65,124.2333333,120.9666667,133.7,96.3,86.4
TGIF-2013-6,129,106.75,97.28333333,95.15,146.9,72.2,105.8
AFB-2013-7,55.4,83.7,91.75,94.5875,130.8,55.4,121.6
ATOM-2013-7,123.2,120.85,122.4166667,123.0458333,132.6,114.8,89.4
DMPS-2013-7,77.2,95.75,101.9833333,106.25,141.9,68.3,60.9
FLUF-2013-7,87.4,93.55,99.33333333,101.8375,122.1,87.4,106.1
MCHO-2013-7,100.7,108,114.6666667,117.5375,142.4,100.7,95.6
MEGA-2013-7,118,96.7,94.08333333,94.32083333,147.1,75.4,103.8
OCTO-2013-7,106.2,88.95,86.41666667,85.5875,106.2,67.4,113.6
PHSH-2013-7,124.6,105.05,104.6833333,104.8791667,126.5,85.5,100.4
ROBO-2013-7,100.8,101.25,102.7333333,104.8916667,135.7,100.8,94.7
SHSR-2013-7,84.9,110.2,114.9333333,114.5041667,135.5,61.5,113.5
SLNH-2013-7,86.4,104,111.8833333,114.9708333,133.7,86.4,96.7
TGIF-2013-7,105.8,117.4,113.85,109.7083333,146.9,72.2,128.9
AFB-2013-8,121.6,88.5,86.9,88.1125,130.8,55.4,113
ATOM-2013-8,89.4,106.3,111.15,113.9666667,132.6,89.4,101.4
DMPS-2013-8,60.9,69.05,77.95,83.95833333,141.9,60.9,86.2
FLUF-2013-8,106.1,96.75,95.68333333,96.59583333,122.1,87.4,144
MCHO-2013-8,95.6,98.15,101.4333333,104.7416667,142.4,95.6,86.7
MEGA-2013-8,103.8,110.9,106.1666667,103.1458333,147.1,75.4,70.6
OCTO-2013-8,113.6,109.9,102.9166667,98.79166667,113.6,67.4,106.8
PHSH-2013-8,100.4,112.5,110.0166667,108.6833333,126.5,85.5,120.2
ROBO-2013-8,94.7,97.75,98.91666667,99.87083333,135.7,94.7,100.4
SHSR-2013-8,113.5,99.2,102.8666667,105.8833333,135.5,61.5,72.6
SLNH-2013-8,96.7,91.55,95.7,99.74583333,133.7,86.4,103
TGIF-2013-8,128.9,117.35,117.3666667,116.4875,146.9,72.2,81.8
AFB-2013-9,113,117.3,107.7,102.5,130.8,55.4,76.2
ATOM-2013-9,101.4,95.4,99.03333333,102.0625,132.6,89.4,99.3
DMPS-2013-9,86.2,73.55,72.05,73.525,141.9,60.9,101.4
FLUF-2013-9,144,125.05,115.6166667,110.6333333,144,87.4,80.9
MCHO-2013-9,86.7,91.15,93.48333333,95.47083333,142.4,86.7,115.6
MEGA-2013-9,70.6,87.2,95.1,97.86666667,147.1,70.6,91.2
OCTO-2013-9,106.8,110.2,110.1,108.3041667,113.6,67.4,97
PHSH-2013-9,120.2,110.3,111.0333333,110.7791667,126.5,85.5,74.7
ROBO-2013-9,100.4,97.55,97.61666667,97.94166667,135.7,94.7,62.8
SHSR-2013-9,72.6,93.05,95.1,97.04166667,135.5,61.5,126.9
SLNH-2013-9,103,99.85,97.08333333,96.7375,133.7,86.4,115.5
TGIF-2013-9,81.8,105.35,109.35,111.3541667,146.9,72.2,165.4
AFB-2013-10,76.2,94.6,102.1666667,103.55,130.8,55.4,82.8
ATOM-2013-10,99.3,100.35,98.7,98.78333333,132.6,89.4,116.2
DMPS-2013-10,101.4,93.8,87.05,83.3,141.9,60.9,93.3
FLUF-2013-10,80.9,112.45,116.65,116.3916667,144,80.9,107.1
MCHO-2013-10,115.6,101.15,97.81666667,96.73333333,142.4,86.7,141
MEGA-2013-10,91.2,80.9,83,86.025,147.1,70.6,83.3
OCTO-2013-10,97,101.9,104.6666667,106.025,113.6,67.4,89.5
PHSH-2013-10,74.7,97.45,101.7333333,104.0583333,126.5,74.7,91
ROBO-2013-10,62.8,81.6,86.91666667,89.59166667,135.7,62.8,75.6
SHSR-2013-10,126.9,99.75,97.51666667,96.9125,135.5,61.5,89.2
SLNH-2013-10,115.5,109.25,106.1166667,103.8583333,133.7,86.4,79.9
TGIF-2013-10,165.4,123.6,117.5166667,115.475,165.4,72.2,98.2
AFB-2013-11,82.8,79.5,84.53333333,88.94166667,130.8,55.4,118.8
ATOM-2013-11,116.2,107.75,105.2833333,103.6375,132.6,89.4,88.8
DMPS-2013-11,93.3,97.35,96.16666667,93.8875,141.9,60.9,130.3
FLUF-2013-11,107.1,94,100.15,104.275,144,80.9,91.5
MCHO-2013-11,141,128.3,119.25,113.8916667,142.4,86.7,106.2
MEGA-2013-11,83.3,87.25,85.13333333,84.6,147.1,70.6,99.9
OCTO-2013-11,89.5,93.25,96.13333333,98.26666667,113.6,67.4,103.1
PHSH-2013-11,91,82.85,87.71666667,91.22083333,126.5,74.7,113.4
ROBO-2013-11,75.6,69.2,73.33333333,76.72916667,135.7,62.8,88.4
SHSR-2013-11,89.2,108.05,105.2833333,103.3416667,135.5,61.5,83.9
SLNH-2013-11,79.9,97.7,101.55,102.6916667,133.7,79.9,96
TGIF-2013-11,98.2,131.8,129.0666667,126.1791667,165.4,72.2,111.4
AFB-2013-12,118.8,100.8,93.7,91.40833333,130.8,55.4,86.6
ATOM-2013-12,88.8,102.5,104.25,104.5083333,132.6,88.8,85.1
DMPS-2013-12,130.3,111.8,106.9833333,104.2791667,141.9,60.9,96.8
FLUF-2013-12,91.5,99.3,97.53333333,98.1875,144,80.9,164.4
MCHO-2013-12,106.2,123.6,125.1666667,123.6875,142.4,86.7,96.8
MEGA-2013-12,99.9,91.6,90.15,88.89583333,147.1,70.6,94.4
OCTO-2013-12,103.1,96.3,95.28333333,95.49583333,113.6,67.4,124.2
PHSH-2013-12,113.4,102.2,95.75,93.74166667,126.5,74.7,82.6
ROBO-2013-12,88.4,82,77.73333333,76.63333333,135.7,62.8,85.1
SHSR-2013-12,83.9,86.55,93.71666667,96.60833333,135.5,61.5,67.9
SLNH-2013-12,96,87.95,91.2,93.7875,133.7,79.9,95.1
TGIF-2013-12,111.4,104.8,113.8,117.6166667,165.4,72.2,90.8
AFB-2013-13,86.6,102.7,102.0666667,99.975,130.8,55.4,78.3
ATOM-2013-13,85.1,86.95,92.13333333,95.1625,132.6,85.1,137
DMPS-2013-13,96.8,113.55,112.9666667,111.4708333,141.9,60.9,82.6
FLUF-2013-13,164.4,127.95,118.4,113.1833333,164.4,80.9,101.7
MCHO-2013-13,96.8,101.5,108.8666667,112.9416667,142.4,86.7,126.7
MEGA-2013-13,94.4,97.15,95.3,94.0125,147.1,70.6,122.5
OCTO-2013-13,124.2,113.65,107.8666667,104.7208333,124.2,67.4,128.2
PHSH-2013-13,82.6,98,99.4,98.4875,126.5,74.7,83.4
ROBO-2013-13,85.1,86.75,85.16666667,83.30833333,135.7,62.8,138.4
SHSR-2013-13,67.9,75.9,79.45,83.01666667,135.5,61.5,150.6
SLNH-2013-13,95.1,95.55,93.01666667,92.5625,133.7,79.9,88.2
TGIF-2013-13,90.8,101.1,102.3333333,105.2,165.4,72.2,97.7
AFB-2013-14,78.3,82.45,89.2,92.41666667,130.8,55.4,103.3
ATOM-2013-14,137,111.05,103.0166667,100.2958333,137,85.1,81.7
DMPS-2013-14,82.6,89.7,97.65,101.4791667,141.9,60.9,110.6
FLUF-2013-14,101.7,133.05,131.35,128.1125,164.4,80.9,84.9
MCHO-2013-14,126.7,111.75,108.3333333,108.4666667,142.4,86.7,122.1
MEGA-2013-14,122.5,108.45,104.6833333,102.3375,147.1,70.6,112.4
OCTO-2013-14,128.2,126.2,122.0166667,118.4791667,128.2,67.4,117.9
PHSH-2013-14,83.4,83,88,90.85,126.5,74.7,96.2
ROBO-2013-14,138.4,111.75,103.4166667,98.85416667,138.4,62.8,131.5
SHSR-2013-14,150.6,109.25,98.13333333,93.4625,150.6,61.5,78
SLNH-2013-14,88.2,91.65,92.95,92.96666667,133.7,79.9,85.2
TGIF-2013-14,97.7,94.25,96.53333333,97.98333333,165.4,72.2,134
AFB-2012-5,115.7,102,100.4333333,101.2333333,126.3,88.3,107.9
ATOM-2012-5,77.3,84.8,83.4,81.89583333,92.3,68.9,63.4
DMPS-2012-5,97.1,91.55,88.61666667,88.21666667,111.6,79.5,115.4
FLUF-2012-5,103.5,95.8,89.63333333,87.1375,103.5,66.5,86.6
MCHO-2012-5,103.8,93,95.1,96.20833333,116.4,82.2,74.2
MEGA-2012-5,85.2,80.25,76.66666667,73.90833333,85.2,52.1,70.4
OCTO-2012-5,77.7,74.95,77.18333333,78.28333333,91.1,71.8,121.5
PHSH-2012-5,94.5,85.55,84.9,85.46666667,98,76.6,85.4
ROBO-2012-5,98,101.15,100.6833333,100.2791667,104.3,95.2,89.9
SHSR-2012-5,70.7,68.9,74.9,80.375,126.5,67.1,88
SLNH-2012-5,85.2,95.7,102.9166667,106.2,128.5,85.2,78.3
TGIF-2012-5,137.4,110.1,105.2833333,103.2,137.4,82.8,95.3
AFB-2012-6,107.9,111.8,108.5333333,106.5083333,126.3,88.3,87.8
ATOM-2012-6,63.4,70.35,75.16666667,77.225,92.3,63.4,70
DMPS-2012-6,115.4,106.25,101.35,98.16666667,115.4,79.5,79.3
FLUF-2012-6,86.6,95.05,95.3,93.88333333,103.5,66.5,104.6
MCHO-2012-6,74.2,89,90.33333333,91.525,116.4,74.2,86
MEGA-2012-6,70.4,77.8,78.61666667,78.12916667,85.2,52.1,128.3
OCTO-2012-6,121.5,99.6,91.38333333,87.83333333,121.5,71.8,88.7
PHSH-2012-6,85.4,89.95,88.48333333,87.5875,98,76.6,77.9
ROBO-2012-6,89.9,93.95,96.35,97.43333333,104.3,89.9,87
SHSR-2012-6,88,79.35,75.86666667,75.625,126.5,67.1,67.2
SLNH-2012-6,78.3,81.75,86.4,90.52916667,128.5,78.3,64.5
TGIF-2012-6,95.3,116.35,114.2666667,112.0208333,137.4,82.8,81.8
AFB-2012-7,87.8,97.85,102.5,104.0083333,126.3,87.8,66.6
ATOM-2012-7,70,66.7,67.91666667,69.72916667,92.3,63.4,91.3
DMPS-2012-7,79.3,97.35,100.3166667,100.575,115.4,79.3,84.6
FLUF-2012-7,104.6,95.6,95.41666667,95.3875,104.6,66.5,110.2
MCHO-2012-7,86,80.1,83.06666667,84.88333333,116.4,74.2,101.7
MEGA-2012-7,128.3,99.35,92.16666667,88.77916667,128.3,52.1,82.4
OCTO-2012-7,88.7,105.1,103.2666667,100.2958333,121.5,71.8,98.3
PHSH-2012-7,77.9,81.65,84.41666667,85.43333333,98,76.6,84.1
ROBO-2012-7,87,88.45,90.28333333,91.8,104.3,87,57.3
SHSR-2012-7,67.2,77.6,78.18333333,77.60416667,126.5,67.1,91.9
SLNH-2012-7,64.5,71.4,74.85,77.7375,128.5,64.5,38.1
TGIF-2012-7,81.8,88.55,97.81666667,101.9291667,137.4,81.8,104
AFB-2012-8,66.6,77.2,84.08333333,88.6875,126.3,66.6,101.9
ATOM-2012-8,91.3,80.65,76,73.97916667,92.3,63.4,95.9
DMPS-2012-8,84.6,81.95,87.08333333,90.39166667,115.4,79.3,89.4
FLUF-2012-8,110.2,107.4,103.4666667,101.4541667,110.2,66.5,110.5
MCHO-2012-8,101.7,93.85,89.26666667,87.71666667,116.4,74.2,76.3
MEGA-2012-8,82.4,105.35,103.35,100.5541667,128.3,52.1,89.9
OCTO-2012-8,98.3,93.5,97.36666667,98.84166667,121.5,71.8,103.1
PHSH-2012-8,84.1,81,81.21666667,82.01666667,98,76.6,74.3
ROBO-2012-8,57.3,72.15,77.58333333,80.75833333,104.3,57.3,55.8
SHSR-2012-8,91.9,79.55,78.9,78.72083333,126.5,67.1,134.7
SLNH-2012-8,38.1,51.3,58,62.2125,128.5,38.1,68.6
TGIF-2012-8,104,92.9,91.45,93.04166667,137.4,81.8,56.9
AFB-2012-9,101.9,84.25,81.9,82.44583333,126.3,66.6,91.2
ATOM-2012-9,95.9,93.6,89.28333333,85.9625,95.9,63.4,111
DMPS-2012-9,89.4,87,85.31666667,85.75833333,115.4,79.3,82.4
FLUF-2012-9,110.5,110.35,109.3666667,107.8916667,110.5,66.5,130.1
MCHO-2012-9,76.3,89,90.61666667,90.27916667,116.4,74.2,67.2
MEGA-2012-9,89.9,86.15,92.55,95.25,128.3,52.1,101.6
OCTO-2012-9,103.1,100.7,98.3,98.06666667,121.5,71.8,102.6
PHSH-2012-9,74.3,79.2,79.8,80.15416667,98,74.3,129.4
ROBO-2012-9,55.8,56.55,61.75,65.70833333,104.3,55.8,71.7
SHSR-2012-9,134.7,113.3,102.05,96.2625,134.7,67.1,114.8
SLNH-2012-9,68.6,53.35,52.66666667,54,128.5,38.1,95.5
TGIF-2012-9,56.9,80.45,84.6,86.3125,137.4,56.9,106.4
AFB-2012-10,91.2,96.55,92.45,89.8125,126.3,66.6,69.3
ATOM-2012-10,111,103.45,100.1666667,97.44583333,111,63.4,58.6
DMPS-2012-10,82.4,85.9,86.26666667,86.02916667,115.4,79.3,114.5
FLUF-2012-10,130.1,120.3,116.9833333,115.0791667,130.1,66.5,115.6
MCHO-2012-10,67.2,71.75,77.5,80.77916667,116.4,67.2,102.4
MEGA-2012-10,101.6,95.75,92.55,92.55,128.3,52.1,82.2
OCTO-2012-10,102.6,102.85,102.1333333,101.175,121.5,71.8,127.4
PHSH-2012-10,129.4,101.85,94.3,90.675,129.4,74.3,58.6
ROBO-2012-10,71.7,63.75,61.35,61.45,104.3,55.8,111
SHSR-2012-10,114.8,124.75,120.9333333,116.2125,134.7,67.1,88.7
SLNH-2012-10,95.5,82.05,72.48333333,67.52916667,128.5,38.1,85.9
TGIF-2012-10,106.4,81.65,81.25,82.0875,137.4,56.9,78.9
AFB-2012-11,69.3,80.25,85.68333333,87.375,126.3,66.6,85.3
ATOM-2012-11,58.6,84.8,91.01666667,93.30416667,111,58.6,57.2
DMPS-2012-11,114.5,98.45,94.26666667,92.26666667,115.4,79.3,104
FLUF-2012-11,115.6,122.85,122,120.7458333,130.1,66.5,93
MCHO-2012-11,102.4,84.8,80.45,79.7125,116.4,67.2,90.9
MEGA-2012-11,82.2,91.9,93.18333333,93.025,128.3,52.1,67.6
OCTO-2012-11,127.4,115,110.95,108.7458333,127.4,71.8,105.8
PHSH-2012-11,58.6,94,96.61666667,96.0375,129.4,58.6,103.4
ROBO-2012-11,111,91.35,82.15,76.95,111,55.8,82.4
SHSR-2012-11,88.7,101.75,109.4166667,112.2958333,134.7,67.1,87.1
SLNH-2012-11,85.9,90.7,87.81666667,83.98333333,128.5,38.1,51.7
TGIF-2012-11,78.9,92.65,88.98333333,87.05,137.4,56.9,90.5
AFB-2012-12,85.3,77.3,78.28333333,80.13333333,126.3,66.6,84.4
ATOM-2012-12,57.2,57.9,66.86666667,72.90416667,111,57.2,50.9
DMPS-2012-12,104,109.25,105.65,102.8041667,115.4,79.3,100.4
FLUF-2012-12,93,104.3,110.4833333,113.3625,130.1,66.5,92.2
MCHO-2012-12,90.9,96.65,92.7,89.6375,116.4,67.2,100.1
MEGA-2012-12,67.6,74.9,80.56666667,83.72083333,128.3,52.1,85.7
OCTO-2012-12,105.8,116.6,116.0666667,114.7875,127.4,71.8,141.9
PHSH-2012-12,103.4,81,85.33333333,88.15416667,129.4,58.6,111.5
ROBO-2012-12,82.4,96.7,94.91666667,91.725,111,55.8,83.8
SHSR-2012-12,87.1,87.9,92.51666667,96.74166667,134.7,67.1,107.4
SLNH-2012-12,51.7,68.8,76.1,79.02916667,128.5,38.1,81.2
TGIF-2012-12,90.5,84.7,87.35,87.75833333,137.4,56.9,110.7
AFB-2012-13,84.4,84.85,82.33333333,81.32083333,126.3,66.6,96
ATOM-2012-13,50.9,54.05,55.33333333,58.21666667,111,50.9,66.6
DMPS-2012-13,100.4,102.2,104.55,104.825,115.4,79.3,78
FLUF-2012-13,92.2,92.6,96.5,99.99583333,130.1,66.5,120
MCHO-2012-13,100.1,95.5,95.88333333,95.0875,116.4,67.2,87.1
MEGA-2012-13,85.7,76.65,76.06666667,77.19166667,128.3,52.1,82.3
OCTO-2012-13,141.9,123.85,121.4333333,120.0916667,141.9,71.8,148.5
PHSH-2012-13,111.5,107.45,98.63333333,95.30833333,129.4,58.6,85.4
ROBO-2012-13,83.8,83.1,87.63333333,89.45416667,111,55.8,92.8
SHSR-2012-13,107.4,97.25,94.13333333,93.72916667,134.7,67.1,74.7
SLNH-2012-13,81.2,66.45,67.23333333,69.45,128.5,38.1,70.9
TGIF-2012-13,110.7,100.6,95.3,93.3125,137.4,56.9,80.6
AFB-2012-14,96,90.2,88.41666667,86.89583333,126.3,66.6,88.8
ATOM-2012-14,66.6,58.75,57.18333333,56.72083333,111,50.9,67.4
DMPS-2012-14,78,89.2,93.53333333,96.2875,115.4,78,117
FLUF-2012-14,120,106.1,101.6,100.325,130.1,66.5,81.4
MCHO-2012-14,87.1,93.6,94.23333333,94.64583333,116.4,67.2,103.3
MEGA-2012-14,82.3,84,81.55,80.17916667,128.3,52.1,96.6
OCTO-2012-14,148.5,145.2,138.0833333,133.9208333,148.5,71.8,142.2
PHSH-2012-14,85.4,98.45,101.45,100.7458333,129.4,58.6,83.7
ROBO-2012-14,92.8,88.3,86.56666667,86.83333333,111,55.8,103.2
SHSR-2012-14,74.7,91.05,93.11666667,93.37083333,134.7,67.1,102.6
SLNH-2012-14,70.9,76.05,72.85,71.44583333,128.5,38.1,72
TGIF-2012-14,80.6,95.65,97.3,96.8,137.4,56.9,74.3
AFB-2011-5,72.2,94.05,101.5,104.0625,116.9,72.2,119.5
ATOM-2011-5,101,82.85,84.13333333,86.13333333,108.7,64.7,58
DMPS-2011-5,111.7,89.2,84.9,82.64583333,111.7,64.2,75.3
FLUF-2011-5,85,95.3,105.5833333,110.0791667,146.7,85,51.8
MCHO-2011-5,132.3,120.7,114.15,109.3375,132.3,72.2,115.8
MEGA-2011-5,94,89.75,95.46666667,99.69583333,128.3,85.5,98.3
OCTO-2011-5,114.2,101.4,102.6833333,105.0958333,131.1,88.6,82.1
PHSH-2011-5,145.4,119,107.7333333,102.3291667,145.4,77.8,98.4
ROBO-2011-5,88.8,78.6,81.1,82.23333333,103.8,65.6,67.3
SHSR-2011-5,114.7,105.4,107.3,107.9333333,126.1,88.5,114.5
SLNH-2011-5,123.2,100.85,91.11666667,86.78333333,123.2,64.8,130.6
TGIF-2011-5,80.8,93.95,99.05,102.4,126.3,80.8,101.4
AFB-2011-6,119.5,95.85,95.25,96.8125,119.5,72.2,96.8
ATOM-2011-6,58,79.5,80.61666667,81.49583333,108.7,58,77.8
DMPS-2011-6,75.3,93.5,92.06666667,90.275,111.7,64.2,92.9
FLUF-2011-6,51.8,68.4,77.36666667,84.42083333,146.7,51.8,95.4
MCHO-2011-6,115.8,124.05,122.9333333,120.7375,132.3,72.2,89.5
MEGA-2011-6,98.3,96.15,94.01666667,94.37916667,128.3,85.5,106.6
OCTO-2011-6,82.1,98.15,99.23333333,100.0958333,131.1,82.1,101
PHSH-2011-6,98.4,121.9,120.9333333,117.6333333,145.4,77.8,54.6
ROBO-2011-6,67.3,78.05,78.23333333,78.95,103.8,65.6,116.4
SHSR-2011-6,114.5,114.6,111.5333333,110.475,126.1,88.5,98.1
SLNH-2011-6,130.6,126.9,118.2166667,111.4416667,130.6,64.8,55.3
TGIF-2011-6,101.4,91.1,92.05,93.8,126.3,80.8,59.9
AFB-2011-7,96.8,108.15,104.05,101.85,119.5,72.2,49.3
ATOM-2011-7,77.8,67.9,71.76666667,73.97916667,108.7,58,80.7
DMPS-2011-7,92.9,84.1,87.23333333,88.44166667,111.7,64.2,89.9
FLUF-2011-7,95.4,73.6,71.86666667,73.24166667,146.7,51.8,60
MCHO-2011-7,89.5,102.65,109.7833333,113.0708333,132.3,72.2,111.8
MEGA-2011-7,106.6,102.45,100.35,98.76666667,128.3,85.5,69.4
OCTO-2011-7,101,91.55,93.75,95.12083333,131.1,82.1,75.5
PHSH-2011-7,54.6,76.5,91.63333333,98.95833333,145.4,54.6,101.6
ROBO-2011-7,116.4,91.85,87.25,84.99583333,116.4,65.6,97.8
SHSR-2011-7,98.1,106.3,109.0666667,109.6833333,126.1,88.5,71.8
SLNH-2011-7,55.3,92.95,104.2666667,107.7541667,130.6,55.3,56.8
TGIF-2011-7,59.9,80.65,84.13333333,86.1125,126.3,59.9,143.3
AFB-2011-8,49.3,73.05,84.75,89.575,119.5,49.3,79.4
ATOM-2011-8,80.7,79.25,75.46666667,74.54166667,108.7,58,40.8
DMPS-2011-8,89.9,91.4,88.96666667,88.53333333,111.7,64.2,76.4
FLUF-2011-8,60,77.7,76.33333333,75.21666667,146.7,51.8,95.8
MCHO-2011-8,111.8,100.65,101.3166667,103.4333333,132.3,72.2,98.2
MEGA-2011-8,69.4,88,92.81666667,94.7,128.3,69.4,92.2
OCTO-2011-8,75.5,88.25,89.35,90.45,131.1,75.5,96.1
PHSH-2011-8,101.6,78.1,77.56666667,81.08333333,145.4,54.6,70.1
ROBO-2011-8,97.8,107.1,102.0166667,98.325,116.4,65.6,85.1
SHSR-2011-8,71.8,84.95,92.06666667,96.31666667,126.1,71.8,115.4
SLNH-2011-8,56.8,56.05,68.35,77.32916667,130.6,55.3,62.4
TGIF-2011-8,143.3,101.6,94.61666667,91.99583333,143.3,59.9,107.1
AFB-2011-9,79.4,64.35,67.25,71.625,119.5,49.3,111.6
ATOM-2011-9,40.8,60.75,66.91666667,69.05416667,108.7,40.8,84.6
DMPS-2011-9,76.4,83.15,85.9,86.66666667,111.7,64.2,59.8
FLUF-2011-9,95.8,77.9,77.83333333,77.45833333,146.7,51.8,81.5
MCHO-2011-9,98.2,105,103.55,102.9916667,132.3,72.2,88.9
MEGA-2011-9,92.2,80.8,83.2,85.60416667,128.3,69.4,94.4
OCTO-2011-9,96.1,85.8,86.61666667,87.3,131.1,75.5,86.9
PHSH-2011-9,70.1,85.85,83.26666667,81.84166667,145.4,54.6,88.1
ROBO-2011-9,85.1,91.45,96.66666667,98.00416667,116.4,65.6,89
SHSR-2011-9,115.4,93.6,90.71666667,91.05416667,126.1,71.8,117.9
SLNH-2011-9,62.4,59.6,58.41666667,60.9,130.6,55.3,84.4
TGIF-2011-9,107.1,125.2,117.3333333,111.6541667,143.3,59.9,133
AFB-2011-10,111.6,95.5,85.11666667,80.65,119.5,49.3,78.2
ATOM-2011-10,84.6,62.7,62.05,63.26666667,108.7,40.8,49.9
DMPS-2011-10,59.8,68.1,73.11666667,76.3125,111.7,59.8,89.4
FLUF-2011-10,81.5,88.65,85.06666667,83.25833333,146.7,51.8,99.2
MCHO-2011-10,88.9,93.55,97.36666667,98.9125,132.3,72.2,98.9
MEGA-2011-10,94.4,93.3,89.13333333,87.65,128.3,69.4,78.2
OCTO-2011-10,86.9,91.5,89.6,88.85416667,131.1,75.5,108.4
PHSH-2011-10,88.1,79.1,81.35,81.82916667,145.4,54.6,74.7
ROBO-2011-10,89,87.05,88.51666667,90.55416667,116.4,65.6,91.3
SHSR-2011-10,117.9,116.65,108.9666667,104.4041667,126.1,71.8,109.3
SLNH-2011-10,84.4,73.4,68.8,66.20416667,130.6,55.3,88.2
TGIF-2011-10,133,120.05,121.7666667,120.6583333,143.3,59.9,118.1
AFB-2011-11,78.2,94.9,95.1,92.60416667,119.5,49.3,111.4
ATOM-2011-11,49.9,67.25,65.73333333,64.8125,108.7,40.8,54.2
DMPS-2011-11,89.4,74.6,72.43333333,72.60416667,111.7,59.8,83
FLUF-2011-11,99.2,90.35,89.78333333,88.60416667,146.7,51.8,91.5
MCHO-2011-11,98.9,93.9,93.78333333,94.67916667,132.3,72.2,92.9
MEGA-2011-11,78.2,86.3,88.63333333,88.75833333,128.3,69.4,83.8
OCTO-2011-11,108.4,97.65,95.6,94.1,131.1,75.5,81.8
PHSH-2011-11,74.7,81.4,80.63333333,80.8125,145.4,54.6,80.8
ROBO-2011-11,91.3,90.15,89.11666667,88.96666667,116.4,65.6,107.7
SHSR-2011-11,109.3,113.6,114.6166667,113.2041667,126.1,71.8,95.6
SLNH-2011-11,88.2,86.3,82,78.7,130.6,55.3,100.4
TGIF-2011-11,118.1,125.55,123.7166667,123.2291667,143.3,59.9,48.4
AFB-2011-12,111.4,94.8,94.83333333,94.9,119.5,49.3,90.2
ATOM-2011-12,54.2,52.05,57.11666667,59.27083333,108.7,40.8,90.1
DMPS-2011-12,83,86.2,82.33333333,79.85833333,111.7,59.8,74.5
FLUF-2011-12,91.5,95.35,93.68333333,92.70833333,146.7,51.8,80.1
MCHO-2011-12,92.9,95.9,95.23333333,94.87083333,132.3,72.2,118.9
MEGA-2011-12,83.8,81,82.76666667,84.23333333,128.3,69.4,74.4
OCTO-2011-12,81.8,95.1,95.95,95.8625,131.1,75.5,63.3
PHSH-2011-12,80.8,77.75,78.96666667,79.38333333,145.4,54.6,108.6
ROBO-2011-12,107.7,99.5,96.38333333,94.56666667,116.4,65.6,78.8
SHSR-2011-12,95.6,102.45,106.1666667,108.2791667,126.1,71.8,94.3
SLNH-2011-12,100.4,94.3,91.63333333,89.225,130.6,55.3,84.4
TGIF-2011-12,48.4,83.25,97.35,103.9416667,143.3,48.4,105.2
AFB-2011-13,90.2,100.8,98.8,97.80833333,119.5,49.3,122.3
ATOM-2011-13,90.1,72.15,65.45,63.36666667,108.7,40.8,65.7
DMPS-2011-13,74.5,78.75,81.23333333,81.50833333,111.7,59.8,80.5
FLUF-2011-13,80.1,85.8,88.98333333,90.15833333,146.7,51.8,117
MCHO-2011-13,118.9,105.9,102.5666667,100.7333333,132.3,72.2,81.6
MEGA-2011-13,74.4,79.1,79.73333333,80.49166667,128.3,69.4,88.7
OCTO-2011-13,63.3,72.55,80.06666667,84.0375,131.1,63.3,98.4
PHSH-2011-13,108.6,94.7,89.05,86.52916667,145.4,54.6,121.5
ROBO-2011-13,78.8,93.25,95.33333333,95.59583333,116.4,65.6,64.9
SHSR-2011-13,94.3,94.95,97.45,99.62916667,126.1,71.8,95.1
SLNH-2011-13,84.4,92.4,93.03333333,92.68333333,130.6,55.3,145.2
TGIF-2011-13,105.2,76.8,78.95,83.55,143.3,48.4,84.6
